position,player,team,salary,opponent,proj_FanDuel,proj_DraftKings,proj_FantasyDraft,proj_Draft,proj_Yahoo,proj_avg,fpts_per_dollar,fpts_per_game_2015,fpts_per_game_2016,fpts_per_game_2017,fpts_per_game_2018,fpts_per_game_2019
PF,"Davis, Anthony",nor,12200.0,@ phi,77.41,53.57,55.71,66.18,71.75,64.92,0.005321639344262295,58.99,68.11,67.17,83.66,72.27
SF,"James, LeBron",lal,11500.0,@ cle,72.4,44.34,59.27,74.59,59.04,61.93,0.005385043478260871,63.43,47.69,76.97,60.57,65.94
SF,"Antetokounmpo, Giannis",mil,11400.0,v por,61.52,59.92,56.14,79.07,83.91,68.11,0.005974736842105263,60.61,71.85,69.74,64.74,61.31
C,"Embiid, Joel",phi,11200.0,v nor,59.99,51.61,42.39,65.11,41.37,52.09,0.004651250000000001,67.6,26.26,49.05,51.11,57.89
SG,"Harden, James",hou,11100.0,v det,61.88,62.66,70.91,77.7,50.75,64.78,0.005836036036036036,83.05,86.42,66.85,52.1,60.88
PG,"Westbrook, Russell",okc,11000.0,@ gsw,62.2,55.32,32.22,43.21,51.5,48.89,0.0044445454545454545,48.88,61.88,47.1,38.64,63.38
SF,"Durant, Kevin",gsw,10700.0,v okc,49.73,42.63,55.35,52.55,45.33,49.12,0.004590467289719626,31.4,33.12,50.72,41.6,59.53
C,"Drummond, Andre",det,10000.0,@ hou,30.74,59.68,36.73,24.3,30.73,36.44,0.0036436,41.5,40.97,33.74,37.21,47.78
C,"Towns, Karl-Anthony",min,10000.0,v den,23.17,18.06,21.74,27.65,23.34,22.79,0.0022792000000000003,27.48,35.69,24.73,31.96,30.77
SF,"Leonard, Kawhi",tor,9800.0,@ atl,41.49,35.45,49.26,60.62,41.76,45.72,0.004664897959183673,46.71,52.58,44.84,42.87,49.61
PG,"Simmons, Ben",phi,9700.0,v nor,28.48,58.72,43.33,43.24,44.11,43.58,0.004492371134020619,42.06,26.45,36.4,27.29,60.03
PG,"Curry, Stephen",gsw,9500.0,v okc,58.68,61.01,54.0,78.84,71.15,64.74,0.006814315789473685,63.65,73.53,51.72,79.95,69.29
PG,"Lillard, Damian",por,9400.0,@ mil,45.99,54.21,19.48,39.72,28.0,37.48,0.003987234042553192,42.51,39.99,40.1,56.21,47.93
PG,"Walker, Kemba",cha,9300.0,v ind,32.03,41.14,55.11,40.65,36.67,41.12,0.004421505376344086,30.33,40.36,45.76,34.06,29.41
C,"Jokic, Nikola",den,9300.0,@ min,29.64,37.98,45.24,43.56,51.22,41.53,0.004465376344086022,23.86,41.09,48.41,42.69,40.28
PF,"Griffin, Blake",det,9200.0,@ hou,54.68,44.76,53.62,47.7,47.78,49.71,0.005403043478260869,52.45,66.91,46.14,47.56,37.4
PG,"Irving, Kyrie",bos,9000.0,v nyk,66.31,56.96,50.14,53.75,66.86,58.8,0.006533777777777779,46.29,62.77,64.85,70.85,68.02
C,"Gasol, Marc",mem,9000.0,@ sas,49.01,48.42,43.85,49.0,41.69,46.39,0.0051548888888888885,46.54,45.12,27.57,40.66,62.9
PG,"Lowry, Kyle",tor,8900.0,@ atl,29.92,61.37,58.14,60.46,64.03,54.78,0.006155505617977529,44.68,57.14,31.05,53.91,47.48
SG,"Oladipo, Victor",ind,8900.0,@ cha,41.31,35.32,31.31,25.34,27.81,32.22,0.0036200000000000004,33.69,40.54,31.69,22.39,38.17
SF,"George, Paul",okc,8900.0,@ gsw,44.71,38.7,41.04,70.11,71.64,53.24,0.005982022471910112,45.46,41.06,58.47,67.92,48.59
SG,"Holiday, Jrue",nor,8800.0,@ phi,47.71,63.19,56.9,59.86,61.53,57.84,0.006572500000000001,57.35,56.98,58.2,71.39,48.71
SG,"DeRozan, DeMar",sas,8700.0,v mem,28.68,46.65,38.9,35.0,47.83,39.41,0.004530114942528736,19.09,54.03,30.62,58.07,30.31
PG,"Paul, Chris",hou,8700.0,v det,24.02,18.99,46.2,46.83,30.17,33.24,0.0038209195402298854,41.03,30.42,16.02,35.22,44.38
SG,"Butler, Jimmy",phi,8400.0,v nor,52.14,28.33,42.93,32.25,42.07,39.54,0.004707619047619047,43.53,30.61,59.36,60.62,45.81
C,"Capela, Clint",hou,8400.0,v det,65.95,76.25,57.88,44.17,65.52,61.95,0.00737547619047619,59.89,62.03,40.52,76.28,48.79
SG,"LaVine, Zach",chi,8300.0,v pho,44.94,49.92,36.15,28.09,40.33,39.89,0.0048055421686746995,31.71,44.43,25.31,34.46,15.91
PG,"Conley, Mike",mem,8200.0,@ sas,60.33,46.77,50.3,55.76,66.4,55.91,0.006818536585365853,59.6,63.72,58.93,52.83,68.58
PF,"Aldridge, LaMarcus",sas,8000.0,v mem,49.28,26.4,51.08,28.07,46.61,40.29,0.005036,45.36,54.14,38.08,55.12,42.35
SG,"Booker, Devin",pho,7900.0,@ chi,50.92,33.67,51.79,19.83,44.29,40.1,0.005075949367088607,41.07,39.97,39.64,34.56,39.32
C,"Gobert, Rudy",uta,7900.0,v sac,45.44,56.32,46.64,53.2,50.77,50.47,0.006389113924050632,41.18,48.69,66.68,50.5,37.7
C,"Nurkic, Jusuf",por,7700.0,@ mil,32.75,41.89,30.81,21.93,25.43,30.56,0.003969090909090909,31.55,35.88,40.19,32.39,18.39
SG,"Mitchell, Donovan",uta,7600.0,v sac,45.26,48.83,48.9,53.64,42.51,47.83,0.006293157894736842,47.05,56.36,44.04,43.1,67.9
SG,"Doncic, Luka",dal,7600.0,v bkn,54.99,59.52,28.56,56.79,41.98,48.37,0.006364210526315789,41.87,50.01,33.25,58.64,52.15
SF,"Mirotic, Nikola",nor,7600.0,@ phi,35.15,37.97,24.69,31.48,29.51,31.76,0.004178947368421052,17.93,26.08,37.79,17.76,36.33
PG,"Fox, De'Aaron",sac,7500.0,@ uta,34.97,20.87,51.11,50.39,53.15,42.1,0.005613066666666666,53.98,45.9,55.24,51.94,45.35
SG,"Hardaway Jr., Tim",nyk,7500.0,@ bos,28.87,21.95,10.58,9.39,41.42,22.44,0.0029922666666666667,17.83,27.36,13.98,16.06,28.64
PF,"Siakam, Pascal",tor,7500.0,@ atl,37.22,43.91,37.11,38.77,50.3,41.46,0.005528266666666667,44.14,31.14,22.28,51.47,29.05
C,"Randle, Julius",nor,7500.0,@ phi,50.02,57.52,39.67,31.07,21.08,39.87,0.005316266666666666,41.62,55.5,35.87,34.16,61.99
C,"Jordan, DeAndre",dal,7500.0,v bkn,10.31,42.26,36.07,30.64,39.31,31.72,0.004229066666666666,16.89,32.54,51.17,59.81,23.66
SG,"Russell, D'Angelo",bkn,7400.0,@ dal,19.87,26.26,3.0,31.91,31.3,22.47,0.0030362162162162164,8.72,12.57,31.66,28.21,48.19
SG,"Middleton, Khris",mil,7300.0,v por,31.57,44.25,44.86,52.29,40.16,42.63,0.005839178082191781,29.21,23.31,43.79,50.11,22.52
PG,"Bledsoe, Eric",mil,7300.0,v por,40.88,16.7,29.11,36.74,44.55,33.6,0.004602191780821919,26.72,24.13,23.0,36.54,24.98
PG,"Young, Trae",atl,7300.0,v tor,9.54,6.85,2.13,20.9,19.7,11.82,0.0016197260273972604,23.21,0.35,5.16,-2.89,18.15
C,"Adams, Steven",okc,7300.0,@ gsw,52.98,46.23,23.87,48.31,59.55,46.19,0.006327123287671233,53.62,44.87,53.39,44.44,45.34
PF,"Ibaka, Serge",tor,7100.0,@ atl,27.83,19.62,37.73,31.02,10.82,25.4,0.003578028169014085,48.83,36.99,39.21,15.6,34.66
PF,"Sabonis, Domantas",ind,7100.0,@ cha,16.85,8.99,24.39,25.2,32.38,21.56,0.0030369014084507045,32.94,16.9,17.61,34.89,14.12
C,"Cauley-Stein, Willie",sac,7100.0,@ uta,38.57,54.17,41.22,49.82,49.88,46.73,0.006581971830985915,51.45,55.07,51.3,44.64,45.33
PG,"Murray, Jamal",den,7000.0,@ min,36.58,34.55,40.02,31.46,46.63,37.85,0.005406857142857143,33.13,36.54,32.57,36.73,40.82
SF,"Warren, T.J.",pho,7000.0,@ chi,13.57,37.27,20.16,44.46,25.84,28.26,0.004037142857142857,31.38,57.3,22.9,14.97,17.11
PF,"Jackson, Jaren",mem,7000.0,@ sas,9.46,4.13,21.65,0.68,4.36,8.06,0.0011508571428571427,3.12,-0.1,9.7,0.46,6.32
C,"Ayton, Deandre",pho,7000.0,@ chi,33.52,48.92,42.33,49.47,47.84,44.42,0.006345142857142857,48.95,28.13,40.87,62.25,61.26
PG,"Rubio, Ricky",uta,6900.0,v sac,26.25,45.52,19.11,32.9,31.37,31.03,0.0044971014492753624,32.03,23.7,1.12,25.45,31.14
PF,"Tatum, Jayson",bos,6900.0,v nyk,31.75,19.03,29.24,21.93,4.99,21.39,0.003099710144927536,27.56,17.34,24.26,18.62,34.56
PF,"Carter Jr., Wendell",chi,6900.0,v pho,17.67,37.02,42.14,10.38,20.51,25.54,0.003702028985507247,25.39,2.8,42.55,33.99,31.02
SG,"Thompson, Klay",gsw,6800.0,v okc,47.47,41.16,27.1,30.85,38.8,37.08,0.005452352941176471,51.54,27.51,56.51,38.84,33.59
SG,"Wiggins, Andrew",min,6800.0,v den,13.64,27.44,20.35,33.86,30.99,25.26,0.003714117647058823,9.59,13.35,32.49,25.13,17.14
C,"Allen, Jarrett",bkn,6800.0,@ dal,30.02,10.24,23.58,24.64,32.02,24.1,0.003544117647058824,21.69,10.78,36.15,18.87,13.65
SG,"McCollum, C.J.",por,6700.0,@ mil,36.37,48.52,9.04,19.13,23.76,27.36,0.004084179104477612,47.39,26.07,39.78,36.36,19.01
PG,"Dunn, Kris",chi,6700.0,v pho,19.82,11.78,14.7,25.47,31.64,20.68,0.0030868656716417906,33.03,26.42,19.18,5.36,30.13
SF,"Barton, Will",den,6700.0,@ min,44.0,50.52,31.21,42.38,24.9,38.6,0.005761492537313433,38.2,20.07,44.31,33.28,47.37
PG,"Teague, Jeff",min,6600.0,v den,18.47,33.74,18.15,24.58,21.93,23.37,0.003541515151515152,20.06,24.39,26.27,30.39,25.77
SG,"Hield, Buddy",sac,6600.0,@ uta,5.75,41.02,17.21,5.89,31.79,20.33,0.0030806060606060606,10.0,29.28,22.85,15.52,5.26
SF,"Harris, Gary",den,6600.0,@ min,36.26,10.02,23.94,35.33,31.99,27.51,0.004167878787878788,20.12,34.48,37.06,37.91,20.97
SF,"Covington, Robert",min,6600.0,v den,32.56,19.34,30.64,18.29,30.93,26.35,0.003992727272727274,22.4,20.37,19.6,22.53,48.93
PF,"Portis, Bobby",chi,6600.0,v pho,28.32,14.34,18.71,42.52,12.86,23.35,0.003537878787878788,20.94,12.92,34.7,34.74,27.23
PF,"Green, Draymond",gsw,6600.0,v okc,28.28,42.54,23.6,11.57,16.06,24.41,0.003698484848484848,23.17,28.2,17.33,26.26,17.53
C,"Horford, Al",bos,6600.0,v nyk,45.93,68.91,48.35,42.94,56.92,52.61,0.00797121212121212,57.55,61.38,44.67,57.8,50.0
C,"Kanter, Enes",nyk,6500.0,@ bos,31.23,22.87,24.87,44.4,30.86,30.85,0.0047455384615384625,22.16,25.6,15.19,18.03,37.9
PG,"Rose, Derrick",min,6400.0,v den,23.1,32.7,31.32,18.91,37.82,28.77,0.0044953125,35.01,23.37,24.3,45.83,29.27
SF,"Hayward, Gordon",bos,6400.0,v nyk,26.97,31.42,28.03,25.8,38.34,30.11,0.004705,31.5,33.74,25.51,41.55,24.69
SG,"Lamb, Jeremy",cha,6300.0,v ind,34.91,22.71,39.14,41.55,51.84,38.03,0.006036507936507936,39.39,32.52,50.29,37.78,31.72
PG,"Dinwiddie, Spencer",bkn,6300.0,@ dal,23.73,39.53,34.57,39.03,48.73,37.12,0.005891746031746032,30.61,52.33,34.79,53.69,38.69
SF,"Prince, Taurean",atl,6300.0,v tor,7.96,27.76,28.04,25.19,48.06,27.4,0.004349523809523809,21.52,25.37,30.7,45.91,28.58
PF,"Ingram, Brandon",lal,6300.0,@ cle,26.17,17.05,12.02,26.27,31.1,22.52,0.003574920634920635,19.78,25.0,39.56,28.07,19.11
SF,"Parker, Jabari",chi,6200.0,v pho,46.87,37.43,64.58,45.18,57.14,50.24,0.008103225806451612,50.09,55.42,35.5,77.97,61.44
SG,"Bazemore, Kent",atl,6100.0,v tor,18.33,11.41,17.07,16.97,8.58,14.47,0.0023724590163934425,8.14,11.77,20.58,18.68,22.53
PG,"Smith Jr., Dennis",dal,6100.0,v bkn,15.71,10.99,16.37,-8.54,-0.14,6.88,0.0011275409836065578,1.5,13.19,-6.22,13.59,-1.28
C,"Thompson, Tristan",cle,6100.0,v lal,37.18,27.75,37.05,30.59,19.46,30.41,0.004984590163934426,35.06,11.6,23.31,34.7,33.06
SG,"Schroder, Dennis",okc,6000.0,@ gsw,48.21,44.42,48.06,35.43,59.71,47.17,0.007861,31.02,36.68,50.99,22.95,38.14
PG,"Sexton, Collin",cle,6000.0,v lal,12.38,11.43,32.56,22.27,26.75,21.08,0.003513,13.2,25.0,15.71,6.08,14.9
PF,"Nance, Larry",cle,6000.0,v lal,43.13,14.8,23.44,20.86,10.07,22.46,0.0037433333333333333,27.71,21.06,19.12,33.7,25.25
C,"McGee, JaVale",lal,6000.0,@ cle,43.45,27.32,28.03,15.66,24.95,27.88,0.004646999999999999,0.67,32.97,23.93,52.56,5.55
C,"Turner, Myles",ind,6000.0,@ cha,12.72,35.34,18.11,31.28,31.24,25.74,0.0042896666666666665,29.24,24.34,18.91,24.73,30.79
PF,"Millsap, Paul",den,5900.0,@ min,53.57,54.89,16.8,45.01,51.15,44.28,0.007505762711864408,60.36,38.78,44.11,53.8,41.72
SF,"Gay, Rudy",sas,5900.0,v mem,27.92,52.27,30.9,55.89,43.03,42.0,0.007118983050847458,32.0,28.92,32.87,42.1,38.89
SF,"Barnes, Harrison",dal,5900.0,v bkn,25.98,55.87,36.58,38.02,24.27,36.14,0.006126101694915254,42.76,13.4,29.12,23.56,17.38
SF,"Anderson, Kyle",mem,5800.0,@ sas,33.64,29.47,30.74,28.89,46.48,33.84,0.0058351724137931035,27.21,25.88,35.49,33.72,35.21
SF,"Evans, Tyreke",ind,5800.0,@ cha,22.88,9.41,16.95,34.06,31.43,22.95,0.003956206896551724,19.96,34.46,11.48,42.24,21.39
PF,"Bagley, Marvin",sac,5700.0,@ uta,13.25,20.23,29.22,35.21,35.01,26.58,0.004663859649122806,8.02,28.72,36.9,35.37,37.44
SF,"Ingles, Joe",uta,5700.0,v sac,15.88,33.03,26.09,57.25,26.99,31.85,0.005587368421052632,38.19,33.22,22.16,40.56,23.56
PF,"Hollis-Jefferson, Rondae",bkn,5700.0,@ dal,33.48,21.94,18.94,40.77,11.93,25.41,0.004458245614035088,45.45,27.97,26.65,10.83,9.43
PG,"Ball, Lonzo",lal,5600.0,@ cle,28.2,36.81,17.17,23.49,28.41,26.82,0.004788571428571429,17.55,32.21,8.4,23.61,24.11
SG,"Clarkson, Jordan",cle,5600.0,v lal,30.06,40.57,28.42,43.56,14.52,31.43,0.005611785714285715,32.83,23.56,34.46,21.22,36.22
PG,"Cook, Quinn",gsw,5600.0,v okc,16.05,15.35,33.52,30.19,12.03,21.43,0.0038264285714285718,11.27,29.08,21.24,26.6,31.33
PF,"Favors, Derrick",uta,5600.0,v sac,8.29,31.67,22.03,34.59,22.77,23.87,0.0042625,27.59,30.73,16.93,24.54,36.6
SF,"Batum, Nicolas",cha,5600.0,v ind,10.47,19.68,21.37,10.43,17.52,15.89,0.002838214285714286,23.75,22.62,-5.38,20.64,26.34
C,"Lopez, Brook",mil,5600.0,v por,-9.37,11.17,18.59,10.89,3.63,6.98,0.0012467857142857144,3.47,8.26,8.39,11.34,7.62
SG,"Redick, J.J.",phi,5500.0,v nor,28.67,23.49,12.55,15.47,32.16,22.47,0.004085090909090908,15.45,25.43,24.04,24.95,1.63
SG,"Holiday, Justin",chi,5500.0,v pho,4.79,7.49,14.6,27.14,9.64,12.73,0.002314909090909091,3.28,15.69,13.57,18.67,4.26
SF,"Moore, E'Twaun",nor,5500.0,@ phi,36.7,30.76,56.57,33.42,48.17,41.12,0.00747709090909091,41.03,29.53,36.37,22.9,33.5
PF,"Kuzma, Kyle",lal,5500.0,@ cle,34.88,16.0,19.73,29.22,1.89,20.34,0.0036989090909090912,32.63,5.44,18.26,22.36,42.53
PG,"Hill, George",cle,5400.0,v lal,1.06,8.24,12.31,3.91,21.36,9.38,0.0017362962962962961,11.99,21.35,-1.0,6.05,14.98
PG,"Jackson, Reggie",det,5300.0,@ hou,17.8,22.55,12.41,11.5,5.5,13.95,0.0026324528301886795,1.58,10.95,21.61,21.64,10.29
SF,"Hernangomez, Juan",den,5300.0,@ min,1.66,19.28,12.72,20.51,20.76,14.99,0.002827547169811321,10.05,15.46,8.25,18.2,-0.22
C,"Valanciunas, Jonas",tor,5300.0,@ atl,65.57,36.73,41.68,43.33,31.5,43.76,0.008256981132075472,36.95,38.89,42.84,43.26,44.89
PG,"Collison, Darren",ind,5200.0,@ cha,4.59,21.84,3.93,18.92,11.6,12.18,0.0023415384615384617,3.86,11.26,-0.27,6.83,12.7
C,"Zeller, Cody",cha,5200.0,v ind,36.58,16.78,24.02,35.83,35.28,29.7,0.005711153846153846,29.16,33.9,24.0,21.58,35.25
PG,"Thomas, Isaiah",den,5100.0,@ min,18.44,25.08,14.19,-12.43,25.41,14.14,0.002772156862745098,13.81,14.13,19.89,1.14,18.1
PF,"Grant, Jerami",okc,5100.0,@ gsw,15.54,39.85,26.5,42.88,39.81,32.92,0.006454117647058825,41.12,27.3,33.9,35.96,35.77
SF,"Osman, Cedi",cle,5100.0,v lal,26.56,19.03,42.71,22.8,47.95,31.81,0.006237254901960785,34.43,25.64,24.63,23.31,32.7
PF,"Aminu, Al-Farouq",por,5100.0,@ mil,11.44,30.0,13.18,0.71,37.96,18.66,0.003658431372549019,19.78,26.31,18.73,35.37,6.65
PF,"Collins, John",atl,5100.0,v tor,1.06,23.92,11.18,-4.47,6.24,7.59,0.001487450980392157,10.4,11.18,8.7,9.2,2.05
SG,"Brogdon, Malcolm",mil,5000.0,v por,21.33,28.2,28.42,31.85,13.7,24.7,0.004940000000000001,24.11,19.6,39.4,33.72,39.45
SG,"Gordon, Eric",hou,5000.0,v det,22.0,14.99,1.44,-7.36,6.57,7.53,0.0015056000000000002,31.3,1.76,-2.18,11.44,14.7
PF,"Green, JaMychal",mem,5000.0,@ sas,19.46,-16.87,2.64,20.19,9.39,6.96,0.0013924000000000002,16.67,2.77,-4.13,7.86,21.5
C,"Dedmon, Dewayne",atl,5000.0,v tor,33.38,29.44,18.49,26.23,46.67,30.84,0.0061684,49.05,16.49,30.13,30.87,26.98
PG,"Burke, Trey",nyk,4900.0,@ bos,61.95,43.65,36.49,52.5,57.44,50.41,0.010286938775510204,52.75,51.39,31.73,46.72,55.63
SG,"Matthews, Wes",dal,4900.0,v bkn,-12.22,-2.31,12.97,13.06,7.52,3.8,0.0007763265306122448,20.18,-16.95,5.83,-14.01,9.89
PG,"Rondo, Rajon",lal,4900.0,@ cle,14.93,9.22,20.1,38.94,7.78,18.19,0.003713061224489796,22.06,15.08,23.11,22.42,8.39
SF,"Bogdanovic, Bojan",ind,4900.0,@ cha,22.0,20.44,28.81,18.74,29.22,23.84,0.004865714285714286,35.44,21.8,15.79,5.53,24.55
PF,"Young, Thaddeus",ind,4900.0,@ cha,26.74,27.16,31.89,16.95,21.87,24.92,0.0050861224489795916,29.02,35.37,6.37,10.19,20.31
SF,"Hood, Rodney",cle,4900.0,v lal,17.15,4.43,29.34,-2.74,24.44,14.52,0.0029640816326530614,14.81,36.23,10.38,25.4,11.37
SG,"Morris, Monte",den,4800.0,@ min,31.15,20.19,3.22,28.15,19.76,20.49,0.004269583333333334,24.6,28.47,23.96,21.04,20.54
SG,"Green, Danny",tor,4800.0,@ atl,26.9,29.03,1.84,17.58,6.2,16.31,0.0033979166666666663,4.15,26.66,19.57,20.13,25.48
SF,"Crowder, Jae",uta,4800.0,v sac,36.32,26.24,17.68,34.86,31.76,29.37,0.006119166666666668,26.75,35.11,33.61,22.21,37.19
SF,"Ariza, Trevor",pho,4800.0,@ chi,20.98,-3.81,21.23,26.07,33.57,19.61,0.004084999999999999,18.71,27.78,11.09,17.94,24.86
PF,"Gibson, Taj",min,4800.0,v den,0.4,18.56,18.13,12.04,23.27,14.48,0.003016666666666666,11.27,2.48,29.11,16.1,18.53
SF,"Turner, Evan",por,4800.0,@ mil,1.05,21.86,-3.12,10.82,2.79,6.68,0.0013916666666666667,-3.97,11.23,6.17,16.67,7.4
SG,"Bullock, Reggie",det,4700.0,@ hou,41.87,34.24,21.72,36.34,30.5,32.93,0.007007234042553192,39.12,43.54,34.5,42.33,23.24
SG,"Temple, Garrett",mem,4700.0,@ sas,8.03,8.26,26.83,29.27,11.98,16.87,0.0035902127659574474,11.73,18.15,24.67,20.99,19.2
SF,"Bjelica, Nemanja",sac,4700.0,@ uta,33.61,28.32,19.11,23.83,22.31,25.44,0.005411914893617021,34.75,34.45,26.13,20.02,37.97
SF,"Harris, Joe",bkn,4700.0,@ dal,34.35,12.15,5.3,23.34,17.05,18.44,0.0039229787234042555,9.91,18.87,15.03,-10.56,1.17
PF,"Tucker, P.J.",hou,4700.0,v det,15.01,13.59,12.49,-5.02,27.01,12.62,0.002684255319148937,-1.68,-1.83,33.27,11.84,-6.89
PF,"Nowitzki, Dirk",dal,4700.0,v bkn,-0.92,19.78,3.84,23.27,-0.26,9.14,0.0019451063829787232,-0.97,7.04,28.02,22.35,36.93
C,"Gasol, Pau",sas,4700.0,v mem,38.52,18.88,21.54,-5.18,18.35,18.42,0.003919574468085106,38.57,26.13,22.91,10.29,29.23
SG,"Bogdanovic, Bogdan",sac,4600.0,@ uta,30.72,10.03,26.29,40.82,34.06,28.38,0.006170434782608695,19.51,37.58,29.24,41.36,16.44
PF,"Morris, Marcus",bos,4600.0,v nyk,44.31,59.39,58.28,27.63,39.44,45.81,0.009958695652173914,24.45,68.21,46.27,50.42,61.46
PF,"Saric, Dario",min,4600.0,v den,16.99,31.8,32.6,21.61,15.04,23.61,0.005132173913043478,25.57,14.82,25.97,21.34,29.16
PF,"Williams, Marvin",cha,4600.0,v ind,9.77,30.17,29.41,40.49,51.7,32.31,0.007023478260869567,37.93,33.36,46.72,29.44,32.34
PF,"Knox, Kevin",nyk,4600.0,@ bos,32.28,28.49,27.47,31.8,32.65,30.54,0.006638695652173913,27.19,29.73,30.8,35.25,15.33
SF,"Bridges, Mikal",pho,4600.0,@ chi,17.0,26.28,2.62,6.49,19.09,14.3,0.003107826086956522,21.87,14.53,25.64,15.49,3.21
PF,"Jerebko, Jonas",gsw,4600.0,v okc,16.0,-1.13,13.82,13.6,26.58,13.77,0.0029943478260869567,7.01,27.34,20.83,22.4,8.34
PG,"Lin, Jeremy",atl,4500.0,v tor,42.55,37.51,39.02,43.33,34.28,39.34,0.008741777777777779,45.8,44.3,20.59,33.45,57.44
PG,"Harrison, Shaquille",chi,4500.0,v pho,41.59,32.89,41.56,36.41,34.08,37.31,0.008290222222222221,33.11,21.51,45.35,36.55,62.93
PG,"VanVleet, Fred",tor,4500.0,@ atl,30.78,17.14,23.81,29.41,20.7,24.37,0.005415111111111112,41.21,23.67,20.31,24.27,8.2
PG,"Forbes, Bryn",sas,4500.0,v mem,2.22,11.42,15.98,7.35,12.16,9.83,0.0021835555555555553,10.04,14.1,2.74,13.63,-3.32
SG,"Okogie, Josh",min,4500.0,v den,13.13,42.91,35.3,40.34,34.34,33.2,0.007378666666666667,25.46,35.53,35.4,28.63,26.47
SG,"Crabbe, Allen",bkn,4400.0,@ dal,30.72,32.96,32.87,28.51,38.27,32.67,0.00742409090909091,27.38,17.41,10.62,36.9,37.26
SG,"Hart, Josh",lal,4400.0,@ cle,15.08,35.74,26.54,11.72,14.78,20.77,0.004720909090909091,15.03,21.46,34.41,25.17,20.57
PG,"Wright, Delon",tor,4400.0,@ atl,-11.01,28.2,20.2,16.87,8.28,12.51,0.002842727272727273,10.71,9.67,0.96,10.34,12.17
PG,"Mack, Shelvin",mem,4400.0,@ sas,1.17,20.52,11.92,-5.81,-11.59,3.24,0.0007368181818181818,5.1,-2.37,13.08,11.37,-9.43
SF,"Bridges, Miles",cha,4400.0,v ind,9.05,17.78,33.42,15.5,24.86,20.12,0.004573181818181818,28.39,1.84,28.52,34.15,16.36
SF,"Clark, Gary",hou,4400.0,v det,-1.38,4.23,-15.47,11.21,3.48,0.41,9.409090909090908e-05,2.27,-21.4,-6.58,7.49,4.05
C,"Len, Alex",atl,4400.0,v tor,8.46,22.76,5.82,-5.62,-11.84,3.92,0.0008900000000000003,4.77,13.97,-4.55,17.71,14.11
SG,"Brown, Jaylen",bos,4300.0,v nyk,33.03,20.52,29.02,33.03,34.15,29.95,0.006965116279069768,16.79,44.95,26.81,35.42,13.15
SF,"Johnson, Stanley",det,4300.0,@ hou,0.99,21.84,23.87,15.33,46.71,21.75,0.005057674418604652,19.44,33.54,23.88,13.16,11.24
SF,"Valentine, Denzel",chi,4300.0,v pho,-2.71,10.12,-0.06,20.98,3.23,6.31,0.001467906976744186,2.37,-5.56,16.92,18.42,8.07
PG,"Arcidiacono, Ryan",chi,4200.0,v pho,50.86,3.34,25.47,13.79,40.06,26.7,0.006358095238095238,10.24,36.35,35.66,13.39,14.18
SG,"Shumpert, Iman",sac,4200.0,@ uta,13.42,11.63,13.03,30.81,36.08,20.99,0.004998571428571429,23.27,14.68,33.51,22.84,22.93
PG,"Joseph, Cory",ind,4200.0,@ cha,23.85,20.87,7.58,31.36,10.65,18.86,0.004490952380952381,26.92,43.06,16.23,19.98,3.13
SG,"Trier, Allonzo",nyk,4200.0,@ bos,-8.02,17.3,9.72,5.23,-1.88,4.47,0.0010642857142857144,-1.51,14.97,-5.98,16.53,17.33
SF,"Finney-Smith, Dorian",dal,4200.0,v bkn,-2.82,19.09,21.25,9.51,28.05,15.02,0.0035752380952380953,18.11,6.0,13.95,7.8,29.68
PF,"Lyles, Trey",den,4200.0,@ min,-2.02,21.81,24.01,12.83,12.82,13.89,0.0033071428571428566,10.58,10.64,8.01,25.8,22.97
C,"Robinson, Mitchell",nyk,4200.0,@ bos,38.71,34.07,32.23,31.97,10.44,29.48,0.007019999999999999,38.19,29.94,24.83,44.42,38.79
PG,"Barea, Jose",dal,4100.0,v bkn,36.38,28.67,34.33,18.88,33.21,30.29,0.007388780487804878,27.95,23.36,11.51,24.89,21.32
SG,"Connaughton, Pat",mil,4100.0,v por,10.35,10.09,14.86,-12.32,5.71,5.74,0.001399512195121951,23.07,-3.23,-4.66,11.59,-14.24
SG,"Galloway, Langston",det,4100.0,@ hou,13.76,13.62,10.41,20.6,23.94,16.47,0.00401609756097561,0.29,25.84,17.81,21.13,38.07
PF,"Vonleh, Noah",nyk,4100.0,@ bos,37.64,36.14,31.67,51.57,21.24,35.65,0.008695609756097561,46.1,50.73,22.69,36.81,30.36
PF,"Porter, Michael",den,4100.0,@ min,4.34,2.68,-5.72,10.98,-4.14,1.63,0.0003970731707317073,15.98,-19.18,17.45,-4.49,23.94
SF,"Anunoby, OG",tor,4100.0,@ atl,1.29,5.53,10.51,5.93,2.72,5.2,0.0012673170731707316,10.04,-5.29,-4.65,9.64,8.05
PG,"Smith, Ishmael",det,4000.0,@ hou,16.46,2.77,21.56,24.24,14.32,15.87,0.0039675,16.02,10.16,-3.03,16.97,7.97
SG,"Smart, Marcus",bos,4000.0,v nyk,18.16,26.42,26.31,6.6,2.86,16.07,0.0040175,0.23,23.42,10.14,24.45,20.7
PG,"White, Derrick",sas,4000.0,v mem,-11.52,14.43,9.16,-8.86,11.37,2.92,0.0007289999999999999,-4.1,-4.45,17.09,26.87,10.23
PF,"Davis, Ed",bkn,4000.0,@ dal,21.23,32.29,43.71,11.88,25.68,26.96,0.0067395,29.44,11.59,34.06,21.47,40.34
C,"Muscala, Mike",phi,4000.0,v nor,21.05,19.09,9.93,11.61,29.15,18.17,0.0045415,19.75,18.01,15.38,18.02,11.51
C,"Hernangomez, Guillermo",cha,4000.0,v ind,-2.2,-0.06,5.13,17.87,8.9,5.93,0.001482,6.98,-0.73,6.49,-6.39,10.75
SG,"Caldwell-Pope, Kentavious",lal,3900.0,@ cle,23.01,32.5,23.88,22.78,19.98,24.43,0.006264102564102564,15.26,19.84,12.33,34.2,10.25
SG,"Nwaba, David",cle,3900.0,v lal,12.36,7.52,13.66,28.05,22.9,16.9,0.004332820512820514,23.05,34.33,19.2,10.76,25.71
PG,"Mudiay, Emmanuel",nyk,3900.0,@ bos,22.13,-0.39,6.12,16.31,8.93,10.62,0.0027230769230769235,15.54,18.2,8.83,7.16,21.9
PG,"Rozier, Terry",bos,3900.0,v nyk,-1.92,12.62,8.31,4.73,-17.5,1.25,0.0003199999999999999,-2.2,-6.01,4.79,11.75,-2.53
SF,"Bembry, DeAndre",atl,3900.0,v tor,19.62,20.35,7.58,17.89,26.61,18.41,0.0047205128205128205,17.93,40.31,12.99,27.38,22.75
PF,"Collins, Zach",por,3900.0,@ mil,21.9,36.1,37.37,14.01,24.91,26.86,0.006886666666666668,30.29,30.99,29.23,34.51,23.88
SF,"Cunningham, Dante",sas,3900.0,v mem,5.21,11.19,3.38,2.92,15.43,7.63,0.0019553846153846153,15.33,8.95,8.6,6.78,23.48
SF,"Stephenson, Lance",lal,3900.0,@ cle,30.89,15.56,27.32,13.65,-3.17,16.85,0.004320512820512821,26.89,27.08,38.64,6.7,20.13
PF,"Ilyasova, Ersan",mil,3900.0,v por,6.81,8.05,13.48,-18.03,19.58,5.98,0.0015328205128205127,-1.9,-9.82,0.01,8.2,12.94
SF,"Carroll, DeMarre",bkn,3900.0,@ dal,12.8,2.3,0.7,9.28,0.34,5.08,0.0013035897435897436,18.96,-5.16,14.01,8.69,5.28
C,"Chandler, Tyson",lal,3900.0,@ cle,12.61,-5.84,4.69,-5.76,15.32,4.2,0.001077948717948718,4.06,2.0,0.52,-5.25,14.74
PG,"Holiday, Aaron",ind,3800.0,@ cha,20.61,42.55,44.65,33.24,22.47,32.7,0.008606315789473684,39.16,25.96,33.69,9.27,41.41
SG,"Iguodala, Andre",gsw,3800.0,v okc,3.9,7.7,10.04,1.77,16.55,7.99,0.002103157894736842,13.05,-9.2,20.06,19.07,10.13
PG,"Payne, Cameron",chi,3800.0,v pho,-3.21,9.55,1.51,13.77,7.17,5.76,0.0015152631578947368,-5.47,7.25,-11.46,12.74,11.3
PG,"Parker, Tony",cha,3800.0,v ind,-5.16,5.86,12.96,-7.99,11.05,3.34,0.0008799999999999999,5.15,12.7,-6.43,9.66,8.03
SF,"Chandler, Wilson",phi,3800.0,v nor,34.45,28.8,37.99,34.75,39.86,35.17,0.009255263157894737,48.55,39.12,28.95,29.26,34.21
SF,"Ennis, James",hou,3800.0,v det,15.17,26.13,23.24,20.11,19.83,20.9,0.005498947368421052,39.14,22.5,27.61,36.06,4.15
SF,"Hezonja, Mario",nyk,3800.0,@ bos,6.3,10.63,3.12,-4.67,7.25,4.53,0.0011910526315789475,2.1,2.04,19.53,22.42,-9.55
C,"Plumlee, Mason",den,3800.0,@ min,37.36,32.22,34.95,16.98,28.0,29.9,0.007868947368421052,16.52,22.13,30.88,36.76,35.24
C,"Jones, Damian",gsw,3800.0,v okc,11.38,13.05,22.75,18.63,19.52,17.07,0.004491052631578947,20.98,13.09,4.6,35.25,34.34
PG,"Mills, Patty",sas,3700.0,v mem,22.65,19.35,38.4,26.06,30.04,27.3,0.007378378378378379,29.44,30.19,23.51,30.12,11.74
SG,"Diallo, Hamidou",okc,3700.0,@ gsw,4.34,-2.48,17.91,17.2,23.13,12.02,0.0032486486486486485,-11.77,5.13,10.43,4.1,6.12
SG,"Blakeney, Antonio",chi,3700.0,v pho,19.89,19.22,28.39,23.52,35.36,25.28,0.006831351351351351,39.36,22.32,33.96,27.98,19.55
PG,"Napier, Shabazz",bkn,3700.0,@ dal,4.76,8.06,10.49,14.63,25.16,12.62,0.003410810810810811,1.1,11.4,13.65,26.43,-5.11
PG,"Harrison, Andrew",cle,3700.0,v lal,5.22,6.0,4.99,18.69,3.92,7.76,0.0020983783783783787,5.18,12.54,28.24,18.68,18.26
PG,"Carter-Williams, Michael",hou,3700.0,v det,-10.48,-9.77,23.32,9.75,-1.32,2.3,0.0006216216216216216,0.51,4.66,7.07,-4.73,5.42
SG,"Brooks, Dillon",mem,3700.0,@ sas,18.39,-9.79,-2.02,3.84,26.65,7.41,0.002003783783783784,12.63,10.39,14.95,-6.82,8.06
PF,"Jackson, Josh",pho,3700.0,@ chi,22.51,11.15,9.37,15.82,29.42,17.65,0.004771351351351353,7.9,19.18,7.84,28.54,12.58
SF,"Johnson, Wesley",nor,3700.0,@ phi,25.62,25.22,16.66,23.94,14.68,21.22,0.0057362162162162165,32.19,27.32,28.41,22.15,14.61
SF,"Dudley, Jared",bkn,3700.0,@ dal,12.37,-6.23,11.57,-6.75,-0.16,2.16,0.0005837837837837838,21.62,2.23,10.7,-1.97,-11.23
PF,"Bolden, Jonah",phi,3700.0,v nor,23.98,-12.9,-4.22,-1.4,5.32,2.16,0.0005827027027027027,0.83,12.88,4.74,1.1,-4.25
PF,"Powell, Dwight",dal,3700.0,v bkn,-3.62,3.41,2.27,2.67,8.74,2.69,0.0007281081081081081,22.74,-5.65,3.69,9.36,11.16
C,"Looney, Kevon",gsw,3700.0,v okc,36.64,37.58,36.19,25.55,9.35,29.06,0.007854594594594595,11.84,38.72,32.45,22.42,19.51
C,"Noel, Nerlens",okc,3700.0,@ gsw,12.83,-12.84,11.95,14.25,20.11,9.26,0.0025027027027027028,6.54,-2.53,2.31,18.54,6.85
SG,"Beasley, Malik",den,3600.0,@ min,21.16,0.74,25.13,7.83,4.26,11.82,0.0032844444444444444,6.16,3.83,17.61,14.89,11.91
SG,"Luwawu, Timothe",okc,3600.0,@ gsw,17.95,7.24,15.57,14.35,14.97,14.02,0.0038933333333333333,17.23,27.93,20.64,11.2,13.77
PG,"Canaan, Isaiah",pho,3600.0,@ chi,34.77,-0.42,17.02,2.33,22.98,15.34,0.004260000000000001,21.08,15.27,14.27,20.23,28.76
PG,"Brown, Lorenzo",tor,3600.0,@ atl,-12.07,20.39,11.86,1.12,5.67,5.39,0.0014983333333333333,14.73,24.2,11.87,8.8,-0.57
PG,"Livingston, Shaun",gsw,3600.0,v okc,8.01,2.62,12.44,4.28,1.41,5.75,0.001597777777777778,14.93,24.36,-7.93,30.46,8.61
SG,"Belinelli, Marco",sas,3600.0,v mem,7.12,2.36,7.73,-24.33,7.79,0.13,3.7222222222222364e-05,10.88,-10.28,16.51,1.39,0.02
PG,"Curry, Seth",por,3600.0,@ mil,14.97,2.35,-10.77,9.65,-3.51,2.54,0.0007050000000000002,9.51,7.58,5.12,12.15,17.32
SG,"Walker, Lonnie",sas,3600.0,v mem,10.1,7.91,8.39,-2.21,13.16,7.47,0.0020749999999999996,5.37,7.8,-0.29,12.01,13.49
SG,"Kennard, Luke",det,3600.0,@ hou,3.53,1.61,-6.18,4.85,7.81,2.32,0.0006455555555555555,6.42,10.5,-13.95,-6.24,-2.66
PF,"Kleber, Maxi",dal,3600.0,v bkn,35.93,14.02,28.26,54.5,19.05,30.35,0.008431111111111111,39.71,13.15,33.95,22.45,38.48
SF,"Harkless, Maurice",por,3600.0,@ mil,23.73,15.1,13.07,31.13,22.67,21.14,0.005872222222222222,5.94,15.26,26.06,16.57,10.3
PF,"Giles, Harry",sac,3600.0,@ uta,-10.12,0.17,17.14,5.56,4.83,3.52,0.0009766666666666665,16.2,-1.62,-6.38,11.35,13.85
SF,"Hutchison, Chandler",chi,3600.0,v pho,-5.35,-8.79,19.01,3.79,-1.63,1.41,0.00039055555555555577,20.92,19.58,2.8,-9.04,4.91
PF,"Ellenson, Henry",det,3600.0,@ hou,12.0,-2.83,-1.52,10.59,10.66,5.78,0.0016055555555555556,-5.57,12.82,9.92,-2.09,5.95
C,"Monroe, Greg",tor,3600.0,@ atl,-1.87,2.29,28.79,7.2,0.63,7.41,0.002057777777777778,15.78,4.02,10.35,13.21,-9.96
C,"Plumlee, Miles",atl,3600.0,v tor,24.51,0.31,13.99,18.21,14.8,14.36,0.0039900000000000005,17.83,8.58,7.04,13.52,29.21
C,"Baynes, Aron",bos,3600.0,v nyk,34.32,0.51,-8.25,11.72,8.45,9.35,0.002597222222222222,12.21,7.64,8.12,2.83,-1.09
C,"Poeltl, Jakob",sas,3600.0,v mem,15.23,4.69,4.45,-4.22,-2.74,3.48,0.0009672222222222224,0.98,21.23,-0.56,7.64,-7.53
PG,"Harris, Devin",dal,3500.0,v bkn,36.36,44.93,31.52,29.91,29.78,34.5,0.009857142857142858,35.46,46.72,7.64,21.55,44.22
SG,"Crawford, Jamal",pho,3500.0,@ chi,31.81,18.58,18.84,37.2,32.56,27.8,0.007942285714285714,23.96,34.28,22.5,38.8,21.92
PG,"Shamet, Landry",phi,3500.0,v nor,32.62,15.13,32.51,20.49,17.19,23.59,0.006739428571428571,27.35,11.59,35.8,18.87,-0.91
SG,"Monk, Malik",cha,3500.0,v ind,12.84,25.93,27.09,28.03,9.94,20.77,0.0059331428571428564,28.87,20.7,16.52,21.03,17.84
SG,"Huerter, Kevin",atl,3500.0,v tor,23.51,18.55,25.75,20.46,28.87,23.43,0.006693714285714287,34.88,10.11,31.98,18.26,29.28
SG,"Lee, Damion",gsw,3500.0,v okc,2.81,-3.78,18.85,2.12,17.02,7.4,0.0021154285714285715,3.24,14.13,-9.25,11.93,5.16
SG,"Brown, Sterling",mil,3500.0,v por,-7.48,19.96,37.49,1.66,16.21,13.57,0.003876571428571429,11.43,4.35,10.18,16.3,21.71
SG,"Anderson, Justin",atl,3500.0,v tor,12.69,4.52,26.73,12.01,7.94,12.78,0.0036508571428571423,6.54,22.14,29.82,2.59,23.64
SG,"Morris, Jaylen",mil,3500.0,v por,14.36,2.26,16.73,3.11,11.88,9.67,0.002762285714285714,28.78,1.06,0.95,2.04,-2.17
SG,"Korver, Kyle",cle,3500.0,v lal,11.01,14.08,20.36,4.09,9.9,11.89,0.003396571428571429,8.8,-3.39,18.23,5.2,9.74
SG,"Brooks, MarShon",mem,3500.0,@ sas,12.56,22.95,12.49,15.47,15.14,15.72,0.0044919999999999995,19.14,25.76,23.01,13.62,37.58
PG,"Baldwin, Wade",por,3500.0,@ mil,17.8,-7.35,6.69,3.52,11.66,6.46,0.001846857142857143,-14.66,5.99,14.13,-6.9,28.55
SG,"Burks, Alec",uta,3500.0,v sac,10.4,40.44,8.7,11.28,-7.99,12.57,0.003590285714285714,17.44,14.92,27.9,32.31,10.99
SG,"Snell, Tony",mil,3500.0,v por,11.88,18.22,23.45,10.15,14.31,15.6,0.004457714285714285,22.3,15.35,23.45,3.98,9.65
PG,"Dellavedova, Matthew",mil,3500.0,v por,1.1,2.96,12.98,-7.24,21.8,6.32,0.0018057142857142857,11.11,15.89,-6.31,21.29,13.83
SG,"Stauskas, Nik",por,3500.0,@ mil,10.99,-9.06,-1.08,19.79,-2.93,3.54,0.001012,3.66,19.65,4.96,-6.9,15.45
SG,"Burton, Deonte",okc,3500.0,@ gsw,0.09,12.06,18.14,23.47,-11.07,8.54,0.0024394285714285716,14.61,9.67,24.33,4.49,2.35
PG,"Ntilikina, Frank",nyk,3500.0,@ bos,17.51,4.66,19.03,9.83,-1.53,9.9,0.0028285714285714286,14.93,5.1,5.65,6.38,3.8
SG,"Korkmaz, Furkan",phi,3500.0,v nor,21.0,14.16,1.74,14.72,17.72,13.87,0.003962285714285714,13.14,15.86,-13.99,28.63,2.32
SG,"Selden, Wayne",mem,3500.0,@ sas,7.93,3.51,-15.32,17.02,9.89,4.61,0.001316,7.86,-1.62,8.65,1.41,-13.88
PG,"Jones, Tyus",min,3500.0,v den,-2.51,6.36,2.19,-1.64,8.71,2.62,0.0007491428571428574,0.61,4.91,19.28,6.57,-6.36
PG,"Jackson, Frank",nor,3500.0,@ phi,8.75,7.41,3.68,18.01,-1.69,7.23,0.0020662857142857145,11.26,19.93,6.19,6.79,2.52
PG,"Exum, Dante",uta,3500.0,v sac,17.41,5.4,-18.74,-4.63,4.5,0.79,0.00022514285714285738,-11.44,6.52,-8.39,-5.72,-16.6
SG,"Mason III, Frank",sac,3500.0,@ uta,12.01,10.79,2.64,-5.9,4.38,4.78,0.0013668571428571427,23.04,14.68,10.99,14.94,8.92
SG,"Evans III, Jacob",gsw,3500.0,v okc,-1.62,-4.8,1.75,9.3,23.13,5.55,0.0015862857142857141,-4.76,1.26,-10.67,10.05,23.06
PG,"Loyd, Jordan",tor,3500.0,@ atl,7.46,2.98,17.34,10.35,3.97,8.42,0.0024057142857142858,29.71,3.7,16.19,-3.02,6.5
SG,"Dorsey, Tyler",atl,3500.0,v tor,11.52,7.92,10.84,-2.32,10.98,7.79,0.002225142857142857,4.52,21.63,9.54,-8.98,6.93
SG,"Pondexter, Quincy",sas,3500.0,v mem,7.42,10.21,-11.42,6.81,6.94,3.99,0.0011405714285714287,15.79,-8.6,-0.39,-12.35,2.89
PG,"Frazier, Tim",nor,3500.0,@ phi,10.91,-8.19,-5.6,-3.66,16.93,2.08,0.0005937142857142858,-24.87,-1.36,5.11,-7.68,-4.02
SG,"Milton, Shake",phi,3500.0,v nor,8.0,1.14,4.65,6.21,-1.62,3.68,0.001050285714285714,5.59,-8.34,2.61,1.32,-0.82
SG,"Craig, Torrey",den,3500.0,@ min,12.12,-2.61,-12.93,16.69,3.21,3.3,0.0009417142857142857,-4.41,-3.29,17.62,10.9,10.84
PG,"Wanamaker, Brad",bos,3500.0,v nyk,-0.17,-0.26,0.3,-8.42,17.03,1.7,0.0004845714285714286,-15.24,-6.41,24.85,-1.97,3.09
SG,"Brown, Bruce",det,3500.0,@ hou,1.83,8.69,-4.27,-8.33,6.34,0.85,0.0002434285714285714,7.19,3.23,16.25,9.09,-1.28
SG,"Thomas, Khyri",det,3500.0,@ hou,0.14,-24.07,8.46,7.28,8.5,0.06,1.7714285714285845e-05,15.58,-1.46,-8.13,1.21,12.18
PG,"Jackson, Demetrius",phi,3500.0,v nor,2.75,17.24,-2.11,3.01,-12.46,1.69,0.0004817142857142857,-8.12,9.33,15.33,0.73,8.0
SG,"Mykhailiuk, Sviatoslav",lal,3500.0,@ cle,-12.63,12.41,6.58,8.53,2.57,3.49,0.0009977142857142856,4.14,19.97,-2.46,11.72,-15.04
SG,"McLemore, Ben",sac,3500.0,@ uta,10.55,6.08,22.2,0.54,-2.01,7.47,0.0021348571428571428,22.04,18.03,3.07,8.55,21.98
SG,"Trent Jr., Gary",por,3500.0,@ mil,-5.69,-12.96,14.05,-7.54,20.52,1.68,0.0004788571428571428,-7.93,7.98,7.82,-7.38,8.59
SG,"Alkins, Rawle",chi,3500.0,v pho,5.05,12.0,-3.24,5.54,1.49,4.17,0.0011908571428571428,10.27,17.33,4.54,20.36,13.16
PG,"Sumner, Edmond",ind,3500.0,@ cha,8.79,2.12,17.72,5.56,-2.51,6.34,0.0018102857142857144,8.33,3.36,33.43,6.77,-4.83
SG,"Abrines, Alex",okc,3500.0,@ gsw,-2.54,-7.35,-3.31,8.42,10.82,1.21,0.00034514285714285707,-10.58,12.33,-2.84,7.84,8.3
SG,"Smith, J.R.",cle,3500.0,v lal,10.36,-2.31,7.65,13.78,-10.12,3.87,0.0011062857142857142,-12.77,7.11,-12.1,23.51,-3.16
SG,"Mitrou-Long, Nazareth",uta,3500.0,v sac,14.72,-12.37,6.61,16.95,3.95,5.97,0.0017062857142857142,6.26,0.22,3.73,10.0,10.27
PG,"Melton, De'Anthony",pho,3500.0,@ chi,4.33,-0.45,2.06,-2.12,2.14,1.19,0.00034057142857142847,14.48,-0.58,-0.19,-2.34,-5.43
PG,"Bayless, Jerryd",min,3500.0,v den,-10.74,8.56,11.83,14.33,-10.1,2.78,0.0007931428571428572,3.98,10.54,6.84,-6.91,0.27
PG,"Macon, Daryl",dal,3500.0,v bkn,2.88,12.53,-9.04,-0.97,-3.67,0.35,9.885714285714292e-05,-8.62,6.45,-1.47,0.98,-8.69
SG,"Dozier, PJ",bos,3500.0,v nyk,24.7,8.62,25.31,0.71,10.71,14.01,0.004002857142857143,6.59,7.82,16.3,0.56,35.41
SG,"Graham, Treveon",bkn,3500.0,@ dal,7.21,7.04,-10.4,6.56,4.04,2.89,0.0008257142857142856,2.65,4.75,4.52,-4.18,15.01
SG,"Macura, J.P.",cha,3500.0,v ind,0.93,6.66,-7.88,-5.08,15.97,2.12,0.0006057142857142857,-3.03,3.68,9.93,8.05,8.53
SG,"Lemon Jr., Walter",bos,3500.0,v nyk,-9.04,-6.33,-3.95,7.29,27.88,3.17,0.0009057142857142855,-5.2,-1.24,2.21,18.6,1.53
SG,"Adams, Jaylen",atl,3500.0,v tor,3.77,0.22,-9.43,15.39,-3.92,1.21,0.0003445714285714286,-6.98,-6.67,10.53,8.18,9.21
SG,"DiVincenzo, Donte",mil,3500.0,v por,13.79,1.88,-11.08,11.39,-4.16,2.36,0.0006754285714285714,11.94,28.81,-3.82,-6.55,6.04
SG,"Meeks, Jodie",mil,3500.0,v por,12.56,15.6,12.62,3.68,-17.55,5.38,0.0015377142857142857,4.9,17.71,-13.85,7.34,4.26
PG,"Evans, Keenan",det,3500.0,@ hou,-1.63,-13.18,6.57,-1.66,10.93,0.21,5.885714285714293e-05,6.73,18.48,5.35,-13.11,5.89
SG,"Lofton, Zach",det,3500.0,@ hou,-1.94,5.22,-2.07,15.39,-16.53,0.01,4.000000000000017e-06,-2.44,-5.56,-0.95,1.01,4.5
PG,"Graham, Devonte'",cha,3500.0,v ind,-6.01,8.4,18.69,-3.78,-12.09,1.04,0.0002977142857142858,2.91,14.9,-2.32,0.69,8.85
SG,"Ferguson, Terrance",okc,3500.0,@ gsw,11.03,2.01,-2.32,0.63,-4.09,1.45,0.00041485714285714287,4.26,19.41,14.13,5.21,-1.65
SF,"Bacon, Dwayne",cha,3500.0,v ind,33.58,29.43,18.65,26.83,39.78,29.65,0.008472571428571428,35.39,28.4,19.89,47.64,39.97
PF,"Holmes, Richaun",pho,3500.0,@ chi,50.31,20.44,16.62,28.56,15.05,26.2,0.00748457142857143,23.39,26.34,31.36,45.21,33.56
SF,"McDermott, Doug",ind,3500.0,@ cha,21.79,38.39,33.7,20.43,41.65,31.19,0.008912,25.91,27.06,17.99,17.62,23.21
SF,"Casspi, Omri",mem,3500.0,@ sas,32.03,39.78,23.27,20.74,39.05,30.97,0.008849714285714285,28.34,22.05,52.61,22.86,29.28
SF,"Bertans, Davis",sas,3500.0,v mem,39.84,31.18,11.58,4.71,18.82,21.23,0.006064571428571429,15.99,21.51,20.74,14.28,15.66
SF,"Carter, Vince",atl,3500.0,v tor,6.21,35.28,28.83,17.07,32.15,23.91,0.006830857142857142,30.04,29.25,14.07,24.37,25.77
PF,"Wood, Christian",mil,3500.0,v por,19.38,31.19,43.07,10.46,33.03,27.43,0.007836,26.43,28.54,17.84,30.41,42.5
PF,"Kaminsky, Frank",cha,3500.0,v ind,25.2,12.95,15.41,8.24,12.87,14.93,0.004266857142857143,24.21,28.28,7.29,5.53,27.84
PF,"Leonard, Meyers",por,3500.0,@ mil,5.0,27.16,16.45,20.14,12.58,16.27,0.004647428571428571,27.33,22.37,13.08,27.11,5.37
PF,"Hartenstein, Isaiah",hou,3500.0,v det,23.31,-12.3,0.82,9.94,-3.57,3.64,0.0010399999999999997,6.02,7.73,-13.9,-0.85,5.64
SF,"Robinson III, Glenn",det,3500.0,@ hou,14.52,12.77,-0.12,7.44,6.89,8.3,0.0023714285714285716,19.34,-15.14,-3.24,1.25,-9.8
SF,"O'Neale, Royce",uta,3500.0,v sac,4.48,-1.5,17.38,18.03,16.95,11.07,0.0031622857142857147,15.03,30.62,2.86,-2.75,5.39
SF,"Jackson, Justin",sac,3500.0,@ uta,9.34,21.85,5.01,3.07,22.56,12.37,0.003533142857142857,-0.46,13.7,7.58,8.0,15.55
PF,"Leuer, Jon",det,3500.0,@ hou,6.32,9.51,22.21,19.78,19.32,15.43,0.0044080000000000005,19.96,25.29,-1.26,24.89,18.69
PF,"Johnson, Amir",phi,3500.0,v nor,17.17,15.45,6.05,3.01,15.35,11.41,0.003258857142857143,34.21,31.77,23.92,20.39,12.53
PF,"Swanigan, Caleb",por,3500.0,@ mil,23.33,21.6,25.83,-20.81,10.76,12.14,0.0034691428571428564,20.91,16.54,-5.95,13.56,8.01
SF,"Miller, Darius",nor,3500.0,@ phi,-3.83,3.52,1.01,22.27,21.68,8.93,0.0025514285714285712,9.52,3.62,20.03,14.52,-11.17
PF,"Boucher, Chris",tor,3500.0,@ atl,12.53,-7.98,12.42,8.12,-0.89,4.84,0.0013828571428571425,-2.13,12.48,17.69,4.77,22.14
PF,"Theis, Daniel",bos,3500.0,v nyk,8.62,5.35,5.23,-9.72,5.04,2.9,0.0008297142857142857,6.87,16.88,2.16,4.45,-3.31
PF,"Patterson, Patrick",okc,3500.0,@ gsw,-10.3,0.41,-0.22,9.55,17.0,3.29,0.0009394285714285712,-7.48,2.82,-4.75,2.35,-0.55
SF,"Nader, Abdel",okc,3500.0,@ gsw,20.34,23.43,-4.69,-4.27,14.15,9.79,0.0027977142857142858,15.9,14.68,9.37,3.16,11.27
PF,"Broekhoff, Ryan",dal,3500.0,v bkn,17.5,-6.08,8.51,7.38,10.17,7.5,0.0021417142857142854,15.88,18.82,17.68,12.81,14.33
PF,"Kurucs, Rodions",bkn,3500.0,@ dal,22.44,-0.83,7.36,11.64,-6.3,6.86,0.0019605714285714287,15.81,6.03,10.51,0.03,14.68
SF,"Nunnally, James",min,3500.0,v den,-1.05,-10.14,7.39,5.57,8.22,2.0,0.0005708571428571428,5.56,-4.54,4.52,2.93,2.85
SF,"Parsons, Chandler",mem,3500.0,@ sas,-4.79,6.88,-7.63,10.21,16.06,4.15,0.0011845714285714285,-2.29,9.32,0.28,2.64,-1.23
PF,"Markkanen, Lauri",chi,3500.0,v pho,-10.45,8.14,17.31,5.8,9.48,6.06,0.0017302857142857144,12.28,26.22,-8.99,20.62,5.28
PF,"Anderson, Ryan",pho,3500.0,@ chi,1.29,7.72,17.51,-13.19,12.13,5.09,0.001454857142857143,-3.46,16.47,15.66,1.5,-7.1
PF,"Yabusele, Guerschon",bos,3500.0,v nyk,0.52,-0.08,4.85,1.56,8.54,3.08,0.0008794285714285714,-4.98,1.48,10.61,4.03,19.24
PF,"Chriss, Marquese",hou,3500.0,v det,-6.73,-4.13,13.89,4.28,15.95,4.65,0.001329142857142857,-17.46,16.08,4.41,0.76,3.36
PF,"Labissiere, Skal",sac,3500.0,@ uta,0.02,-1.03,5.15,-2.28,9.71,2.31,0.0006611428571428573,9.02,19.23,-10.93,3.39,17.9
SF,"Deng, Luol",min,3500.0,v den,-0.22,12.92,-7.52,8.21,-7.8,1.12,0.00031942857142857147,1.27,12.12,-6.42,11.77,-8.93
SF,"Lydon, Tyler",den,3500.0,@ min,13.34,22.17,-8.02,-2.11,7.16,6.51,0.0018594285714285718,-12.83,9.11,20.93,-9.65,4.1
PF,"Niang, Georges",uta,3500.0,v sac,-7.17,-1.89,7.29,0.65,11.13,2.0,0.0005719999999999999,9.01,13.36,-7.83,-3.85,-16.99
PF,"Williams, Kenrich",nor,3500.0,@ phi,-10.24,11.07,1.7,21.93,8.46,6.58,0.0018811428571428573,-6.49,8.18,2.16,29.86,-3.32
PF,"Poythress, Alex",atl,3500.0,v tor,-1.29,16.9,6.0,6.08,-5.69,4.4,0.001257142857142857,11.15,-2.45,20.47,-3.13,1.79
SF,"Thomas, Lance",nyk,3500.0,@ bos,12.23,-2.1,3.09,15.17,14.49,8.58,0.0024502857142857143,16.8,-5.31,9.52,8.72,-0.0
PF,"Gabriel, Wenyen",sac,3500.0,@ uta,17.82,0.64,-6.09,-6.8,3.87,1.89,0.0005394285714285716,8.26,11.78,8.7,9.23,-4.85
SF,"King, George",pho,3500.0,@ chi,-2.91,14.2,3.24,9.72,-3.64,4.12,0.0011777142857142856,-10.49,5.71,21.9,3.25,8.5
SF,"Moore, Ben",sas,3500.0,v mem,18.6,10.1,5.66,4.18,4.61,8.63,0.0024657142857142855,-3.58,13.85,14.08,-1.31,9.85
SF,"McKinnie, Alfonzo",gsw,3500.0,v okc,6.64,11.33,-5.4,-5.42,-0.28,1.37,0.0003925714285714285,2.26,18.53,2.16,5.29,-22.7
PF,"Randolph, Zach",sac,3500.0,@ uta,6.54,-2.73,16.45,14.02,-9.53,4.95,0.0014142857142857143,12.4,-5.92,12.39,18.54,19.57
PF,"Kornet, Luke",nyk,3500.0,@ bos,-1.82,3.76,3.84,-0.89,-4.14,0.15,4.2857142857142856e-05,5.81,-17.98,-0.39,3.53,-9.07
PF,"Preston, Billy",cle,3500.0,v lal,-7.5,15.29,-5.19,6.45,0.85,1.98,0.0005657142857142856,8.86,1.15,5.28,8.31,7.12
PF,"Qi, Zhou",hou,3500.0,v det,-8.36,-2.33,-4.81,1.69,14.85,0.21,5.942857142857138e-05,-4.08,-5.98,17.64,9.93,14.65
SF,"Miles, C.J.",tor,3500.0,@ atl,-2.22,7.54,-2.05,8.13,12.55,4.79,0.0013685714285714288,15.4,12.8,5.39,-5.33,30.64
SF,"Powell, Norman",tor,3500.0,@ atl,18.65,2.67,-1.05,8.05,-5.27,4.61,0.0013171428571428572,0.9,-0.82,7.57,7.04,-15.89
PF,"Henson, John",mil,3500.0,v por,-1.62,16.72,10.8,-7.24,-11.71,1.39,0.0003971428571428569,14.31,-16.11,6.6,18.3,-13.19
SF,"Edwards, Vincent",hou,3500.0,v det,-0.34,-11.85,6.48,4.78,7.6,1.33,0.0003811428571428572,5.7,1.56,-1.19,-6.61,-5.85
C,"Dieng, Gorgui",min,3500.0,v den,49.42,26.96,24.23,28.23,25.22,30.81,0.008803428571428571,31.5,33.39,27.96,17.97,23.32
C,"Maker, Thon",mil,3500.0,v por,-1.98,23.24,25.04,6.49,43.66,19.29,0.005511428571428571,20.68,20.16,18.68,35.37,31.51
C,"Mejri, Salah",dal,3500.0,v bkn,28.48,-7.84,-13.75,19.86,3.94,6.14,0.0017537142857142857,12.26,16.63,11.54,-14.82,13.75
C,"Lopez, Robin",chi,3500.0,v pho,9.48,35.72,40.03,9.61,9.62,20.89,0.005969142857142858,11.96,10.55,18.17,24.33,7.44
C,"Pachulia, Zaza",det,3500.0,@ hou,11.28,27.62,14.18,4.36,15.38,14.56,0.004161142857142856,19.11,18.01,27.36,25.56,2.5
C,"Felicio, Cristiano",chi,3500.0,v pho,26.5,7.21,21.3,4.07,-0.52,11.71,0.0033462857142857144,29.65,15.03,9.91,15.72,26.41
C,"Bell, Jordan",gsw,3500.0,v okc,9.68,-8.81,2.26,-4.07,21.87,4.19,0.001196,0.45,-8.17,2.68,14.36,8.88
C,"O'Quinn, Kyle",ind,3500.0,@ cha,-4.61,4.63,-1.05,15.5,4.07,3.71,0.0010594285714285714,18.26,2.73,22.49,0.93,-2.62
C,"Okafor, Jahlil",nor,3500.0,@ phi,1.46,16.2,6.82,4.74,-2.65,5.31,0.0015182857142857142,14.2,-0.94,23.47,3.42,10.44
C,"Biyombo, Bismack",cha,3500.0,v ind,2.36,14.82,-4.71,-2.22,8.32,3.71,0.001061142857142857,7.98,6.78,5.38,-8.21,1.47
C,"Wagner, Moritz",lal,3500.0,@ cle,21.14,-1.26,-0.2,-10.17,16.43,5.19,0.0014822857142857142,15.75,-3.33,9.54,9.35,-3.91
C,"Udoh, Ekpe",uta,3500.0,v sac,0.03,8.72,5.74,-3.92,-0.19,2.08,0.0005931428571428572,0.51,-4.58,22.89,-2.94,-12.77
C,"Williams, Robert",bos,3500.0,v nyk,-14.76,24.32,-21.14,7.47,12.99,1.78,0.0005074285714285713,5.51,3.66,19.8,-8.38,-5.62
